epoch,train_loss,train_iou,train_dice,val_loss,val_iou,val_dice
1,0.2174567287275681,0.4442778625902156,0.6152249149529067,0.2044770076043076,0.4708709271315119,0.6402613831654188
2,0.18068647449904116,0.5233567610178829,0.6871099067669272,0.15175677670372856,0.5071261672716798,0.672971086673812
3,0.16953656158356384,0.5530062781979352,0.7121751997546695,0.13959144759509298,0.5711081850990071,0.7270131879085302
4,0.16244456383481998,0.5693039819892664,0.7255496558004148,0.13624556072884136,0.5656710102256026,0.7225924303779416
5,0.15689195475004014,0.5805252898479516,0.734597913208714,0.13209893057743707,0.5950963435897907,0.746157241199007
6,0.15398241252021294,0.5899081050740607,0.7420656617717937,0.11963406081000964,0.6071842709247759,0.7555876222897593
7,0.15174948564894492,0.5958609664159659,0.7467579932782852,0.12221407021085422,0.6044742581224521,0.7534857665211843
8,0.1474277014630361,0.6069078878444688,0.7553735872920313,0.13171145361330774,0.594163613479601,0.745423629614419
9,0.14515661212577147,0.6113443476990735,0.7588003750682409,0.12895107538335854,0.6080148860061271,0.756230419627857
10,0.14053530047216362,0.6221562549390693,0.7670731509923974,0.11805350799113512,0.63380055556966,0.7758603746448987
